,Unnamed: 0,Unnamed: 0.1,date,tweet,fav,label
0,0,0,3/21/16 21:15,b'RT @thenikhilkapur: how to catch Leo...\n\n#Oscars https://t.co/X8arggPqFk',0,funny
1,1,1,3/22/16 21:15,"b""RT @thenikhilkapur: teacher: where's your homework\nme: where's leonardo dicaprio's oscar\n\n#Oscars""",0,funny
2,2,2,3/23/16 21:15,"b'RT @thenikhilkapur: presenter: ""and the oscar goes to...""\n\nleo: *starts to slowly get up to go on stage*\n\npresenter: ""DAMN DANIEL BACK AT I\xe2\x80\xa6'",0,funny
3,3,3,3/24/16 21:15,b'RT @TheWeekndBible: #Oscars Performance https://t.co/7C7xvpfHeM',0,info
4,4,4,3/25/16 21:15,b'RT @sexyblackboys: Michael B. Jordan looking sharp tonight #Oscars https://t.co/k9h2hZqnTS',0,funny
5,5,5,3/30/16 21:15,b'RT @thenikhilkapur: The #Oscars in a nutshell. https://t.co/Sh54KFe4HM',0,info
6,6,6,3/31/16 21:15,"b""RT @thenikhilkapur: wouldn't it be funny if in fifty years someone made a movie about leonardo dicaprio &amp; the actor that played him won an \xe2\x80\xa6""",0,funny
7,7,7,4/4/16 21:15,b'RT @50sAnd60s: Audrey Hepburn and Grace Kelly backstage. #Oscars https://t.co/4O4KYPOgAn',0,info
8,8,8,4/10/16 21:15,"b""RT @peta: Fact from Leo DiCaprio's #Cowspiracy: Animal agriculture is the source of 51% of all greenhouse gasses. #Oscars https://t.co/qImI\xe2\x80\xa6""",0,info
9,9,9,4/11/16 21:15,b'RT @peta: The best thing we can all do to stop #ClimateChange is to go #vegan. #Oscars https://t.co/7beIUS7bYk',0,info
10,10,10,4/12/16 21:15,"b'RT @WhiteHouse: Climate change ""is the most urgent threat facing our entire species.""\n\nRT if you agree with @LeoDiCaprio. #Oscars https://t\xe2\x80\xa6'",0,info
11,11,11,4/13/16 21:15,"b""RT @TheEllenShow: If only Bradley's arm was longer. Best photo ever. #oscars http://t.co/C9U5NOtGap""",0,funny
12,12,12,3/20/16 21:05,"b""RT @RWitherspoon: Three's Company \xf0\x9f\x91\xa9\xf0\x9f\x8f\xbc\xf0\x9f\xa4\x96\xf0\x9f\x91\xa6\xf0\x9f\x8f\xbb #TBT #Oscars #BB8 #StarWars (Thanks for sharing, @JaredLeto!) https://t.co/TWK1womFSs""",0,info
13,13,13,3/20/16 21:02,b'RT @LeoDiCaprio: Thank you to the Academy and the incredible cast &amp; crew of #TheRevenant. #Oscars',0,info
14,14,14,3/20/16 21:00,"b'RT @desidhumka: Priyanka Chopra at the 88th Oscars, Academy Awards #Oscars https://t.co/J4bDoLCuP3'",0,info
15,15,15,3/20/16 21:00,b'RT @MTVteenwolf: Look who we found at the #Oscars \xf0\x9f\x91\x80 @DSprayberry https://t.co/T2OkZZvW7z https://t.co/rynam0lmdn',0,info
16,16,16,3/20/16 20:58,"b'RT @YahooCelebUK: Let\xe2\x80\x99s zoom-in on the Benedict/U2 moment, shall we? #Oscars http://t.co/ILZV7pgdOS'",0,funny
17,17,17,3/20/16 20:57,b'RT @ThenVersusNow: Leonardo DiCaprio and Kate Winslet are forever goals #Oscars https://t.co/B96pWbkAsB',0,info
18,18,18,3/20/16 20:57,b'RT @ZacEfronsCrew: - @ZacEfron and Bradley Cooper on the red carpet at the #Oscars! http://t.co/GKt2oc3RnA',0,info
19,19,19,3/20/16 20:54,"b'RT @WhiteHouse: \xe2\x80\x9cClimate change is real...let\'s not take this planet for granted.""\n\nThank you, @LeoDiCaprio. #ActOnClimate #Oscars https://\xe2\x80\xa6'",0,info
20,20,20,3/20/16 20:54,b'RT @ChanelVsWalmart: Chanel Vs. Walmart #Oscars https://t.co/uMVKXX4vZz',0,funny
21,21,21,3/20/16 20:53,b'RT @AllieBertram: The ultimate #Throwback to ballet summer school with #AliciaVikander #Oscars #congratulations https://t.co/eHjGJjJvjx',0,info
22,22,22,3/20/16 20:51,"b""RT @mileysbae: where is @KimKardashian's Oscar for this scene? #Oscars https://t.co/NwT90HLcrf""",0,funny
23,23,23,3/20/16 20:49,"b'RT @nihilist_arbys: The carpet, red with the blood of thousands of cows, slain and drained so you may stave off eternal blackness one more \xe2\x80\xa6'",0,funny
24,24,24,3/20/16 20:47,b'RT @rockynrudy: Yay! Oscars Nomination Day. My favorite early morning event. Really should be a national holiday. #Oscars',0,info
25,25,25,3/20/16 20:46,"b""RT @TheMediaReport1: @cam_doloughty @Moumita57 @SkylerHenry Don't be duped by the dishonest 'Spotlight' movie. Get the facts: https://t.co/\xe2\x80\xa6""",0,neg
26,26,26,3/20/16 20:46,b'RT @_Snape_: Never forget. #Oscars https://t.co/BgIPpfW8Dx',0,neg
27,27,27,3/20/16 20:45,"b'RT @rockynrudy: Just in time for Oscars 2016, we go back to 1929. #Oscar2016 #Oscars https://t.co/VYrToHSMZH https://t.co/DUpUNInZRG'",0,info
28,28,28,3/20/16 20:44,b'RT @Jameslcurnow: .@rockynrudy asks which 2016 films could have won at the first #AcademyAwards in 1929. https://t.co/EPPgoPzdGG #Oscars #O\xe2\x80\xa6',0,info
29,29,29,3/20/16 20:44,b'RT @rockynrudy: I liked when they used to show one good scene from the best pic noms instead of a montage. #Oscars',0,info
30,30,30,3/20/16 20:44,b'RT @rockynrudy: I thought they were mirroring the production timeline in the award order. Where does doc short fit into that timeline? #Osc\xe2\x80\xa6',0,info
31,31,31,3/20/16 20:44,"b""RT @rockynrudy: Good thing Americans are such good writers, b/c they sure as shit haven't won anything else. #Oscars""",0,funny
32,32,32,3/20/16 20:44,"b""RT @rockynrudy: Stutterer is a well-done and poignant comic skit. Shok is the world in 20 minutes. That's the 1st one that pisses me off. #\xe2\x80\xa6""",0,neg
33,33,33,3/20/16 20:44,b'RT @rockynrudy: WHAAAAAAAATTTTT????? #Oscars',0,neg
34,34,34,3/20/16 20:44,"b'RT @rockynrudy: Ok, the guy has won back to back directing Oscars. Could you maybe notice where the accent mark is in his name? #Oscars'",0,neg
35,35,35,3/20/16 20:44,b'RT @rockynrudy: Dano Shannon Elba Isaac Keaton Mitchell Tucci Jackson Goggins Harris Carell Starr Schreiber Keitel Tremblay -could have bee\xe2\x80\xa6',0,neg
36,36,36,3/20/16 20:42,"b'RT @bespokeredmayne: Nine faces of #EddieRedmayne, photographed at @theacademy 2015 #oscars nominees luncheon. https://t.co/oswb6Ve1qm'",0,info
37,37,37,3/20/16 20:41,"b""RT @musicnews_shade: Watch Lady Gaga's absolutely incredible performance of 'Til It Happens To You' at the #Oscars https://t.co/eHv2KtlwQ1""",0,pos
38,38,38,3/20/16 20:40,b'RT @mostafa1619: Dreams Do come true \xf0\x9f\x98\x8d \xf0\x9f\x98\x8d \n#Oscars https://t.co/BjP8Z94wRk',0,pos
39,39,39,3/20/16 20:39,"b""RT @peta: ICYMI: Leonardo DiCaprio's long-awaited #Oscars acceptance speech was focused on an important issue: #ClimateChange. https://t.co\xe2\x80\xa6""",0,info
40,40,40,3/20/16 20:38,"b'RT @SooFunnyPost: A moment of silence for all the ""Leonardo DiCaprio doesn\'t have an Oscar"" jokes. 1993-2016\n\n#LeonardoDiCaprio #Oscars'",0,funny
41,41,41,3/20/16 20:37,b'RT @ABCNetwork: This Sunday marks the most unpredictable #Oscars EVER! Watch live at 7e|4p on ABC.\nhttps://t.co/tY6BZe7LrV',0,info
42,42,42,3/20/16 20:36,b'RT @JBrunzGaming: The God damn best reaction video to #leo winning an #Oscars \xf0\x9f\x98\x82\xf0\x9f\x98\x82\xf0\x9f\x92\xaf\xf0\x9f\x92\xaf\xf0\x9f\x91\x8d\xf0\x9f\x91\x8d\xf0\x9f\x91\x8d https://t.co/04XrRfkQm6',0,pos
43,43,43,3/20/16 20:36,b'RT @RevenantMovie: Congratulations to @LeoDiCaprio on his win for Best Actor from @TheAcademy. #TheRevenant #Oscars https://t.co/8nosZ8v4fL',0,info
44,44,44,3/20/16 20:35,b'RT @shxrlocked: Mark Ruffalo congratulates Leonardo DiCaprio backstage.\nThis picture is gold\n#Oscars https://t.co/7M4KNDosd8',0,info
45,45,45,3/20/16 20:34,b'RT @GivingTales: A Best Actress #Oscars nominee is joining #GivingTales very soon!\nVisit https://t.co/rRiUM2QUZq &amp; guess who she is! https:\xe2\x80\xa6',0,info
46,46,46,3/20/16 20:34,"b""@cam_doloughty @Moumita57 @SkylerHenry Don't be duped by the dishonest 'Spotlight' movie. Get the facts: https://t.co/x41DxTEGfo #Oscars""",0,neg
47,47,47,3/20/16 20:28,"b""RT @PhillyComptonMW: You Wouldn't Know It From The Oscars, But Women Directed Films Last Year Too! https://t.co/klxB8oEDAC #Oscars2016 #wom\xe2\x80\xa6""",0,neg
48,48,48,3/20/16 20:27,b'RT @pewdiepie: OMG LEO WON YEEEES #Oscars',0,pos
49,49,49,3/20/16 20:25,b'RT @TheAcademy: Backstage at the #Oscars with @JacobTremblay and @attahnii https://t.co/dTEZBBhMYX',0,info
50,50,50,3/20/16 20:24,"b'RT @Sherlockology: So, everyone has seen #BenedictCumberbatch executing the best photobomb of the #Oscars on U2, right? http://t.co/LMEl3vv\xe2\x80\xa6'",0,funny
51,51,51,3/20/16 20:20,b'RT @Classic_picx: Marilyn Monroe arriving at the #Oscars in 1951. https://t.co/izkWZG4JQS',0,info
52,52,52,3/20/16 20:20,b'RT @Classic_picx: Julia Roberts is pictured picking up her Best Actress Academy Award for Erin Brockovich in 2000 #Oscars https://t.co/GdwU\xe2\x80\xa6',0,info
53,53,53,3/20/16 20:18,"b""RT @musicnews_facts: Lady Gaga's look for this year's #Oscars https://t.co/OWkbMj6q5z""",0,info
54,54,54,3/20/16 20:18,b'RT @musicnews_facts: Lady Gaga with C-3PO at the #Oscars is everything \xf0\x9f\x98\x82 https://t.co/cZyQMBySLX',0,pos
55,55,55,3/20/16 20:18,"b""You Wouldn't Know It From The Oscars, But Women Directed Films Last Year Too! https://t.co/klxB8oEDAC #Oscars2016 #women #director #Oscars""",0,neg
56,56,56,3/20/16 20:18,"b'RT @musicnews_facts: Lady Gaga\'s ""Til It Happens to You"" has moved into the top 300 of US iTunes. It will be performed tonight #Oscars http\xe2\x80\xa6'",0,pos
57,57,57,3/20/16 20:17,"b""RT @musicnews_facts: Lady Gaga performing 'Til It Happens To You' at the #Oscars with 50 rape victims on stage.. So powerful! https://t.co/\xe2\x80\xa6""",0,pos
58,58,58,3/20/16 20:17,b'RT @musicnews_facts: Following a powerful performance at the #Oscars Til It Happens To You by Lady Gaga is now in the top 20 of US iTunes h\xe2\x80\xa6',0,pos
59,59,59,3/20/16 20:17,"b""RT @musicnews_facts: Lady Gaga uploaded her powerful performance at the #Oscars of 'Til It Happens To You' on YouTube: https://t.co/nCFGR7X\xe2\x80\xa6""",0,pos
60,60,60,3/20/16 20:16,"b'RT @TheAcademy: In the words of George Harrison, ""Here comes the sun..."" #Oscars http://t.co/sOg8ItBUeh'",0,pos
61,61,61,3/20/16 20:15,"b""RT @pettyyonceh: i can't stop laughing at this #Oscars https://t.co/ABWkn1oTEy""",0,pos
62,62,62,3/20/16 20:12,b'RT @tylerjblackburn: 1989 at the #Oscars \xf0\x9f\x8f\x86 https://t.co/dbSJIEsafb',0,info
63,63,63,3/20/16 20:10,"b'RT @tyleroakley: loved my #Oscars outfit this weekend, wore @hardyamieslndn tux &amp; @JohnstonMurphy shoes, styled by @ashleypweston &lt;3 https:\xe2\x80\xa6'",0,pos
64,64,64,3/20/16 20:07,b'RT @EpicFilmGuys: We joined forces w/ @Classy_Podcast for our massive #Oscars episode! Who are you picking to win? https://t.co/RlfF9vMOGD \xe2\x80\xa6',0,info
65,65,65,3/20/16 20:06,"b'RT @adamleipzig: Did #Oscars inspire you to get your #film made? Get started with ""Inside Track"" https://t.co/CSMnKeSml9'",0,info
66,66,66,3/20/16 20:05,"b'RT @MTV: Greetings, @DSprayberry. #Oscars https://t.co/4Ob0osrpgn'",0,info
67,67,67,3/20/16 20:05,"b'RT @GENX4Bernie: .@ashleydavidovna Hiiiii lol #BernieSanders https://t.co/6wxYbpL7Qu ""Bernie\'s Army is Running for Congress""  https://t.co/\xe2\x80\xa6'",0,funny
68,68,68,3/20/16 20:04,b'RT @AdrianeKaylor: My thoughts on the #Oscars #Oscars2016 #AwardShowTwitter #AwardShows https://t.co/qa4tu3FI7i',0,info
69,69,69,3/20/16 20:03,b'RT @altfilmguide: #Oscars Film Series: THE AVIATOR Heavy-handed biopic starring miscast LEONARDO DiCAPRIO https://t.co/pLd1uiN57I https://t\xe2\x80\xa6',0,neg
70,70,70,3/20/16 20:01,"b""RT @musicnews_shade: Leonardo DiCaprio has won his first Oscar.. And now It's time for Katy Perry to win her first Grammy! #Oscars https://\xe2\x80\xa6""",0,funny
71,71,71,3/20/16 20:01,b'RT @_Snape_: Leonardo DiCaprio is more nervous right now than Harry Potter trying to ask Chang Cho to the Yule Ball. #Oscars',0,funny
72,72,72,3/20/16 20:01,"b""RT @PhandomStats: Dan's #Oscars tweet put approximately 4 tears in everyone's eyes.""",0,pos
73,73,73,3/20/16 20:00,"b'Did #Oscars inspire you to get your #film made? Get started with ""Inside Track"" https://t.co/CSMnKeSml9'",1,info
74,74,74,3/20/16 19:57,"b'RT @danisnotonfire: shoutout to the real winners of the #Oscars this evening - visibility for lgbt, climate change, sexual abuse victims an\xe2\x80\xa6'",0,pos
75,75,75,3/20/16 19:57,b'RT @ETCanada: That moment @brielarson gets her name on her #Oscars - see all the winners here https://t.co/1mLFbILaHa https://t.co/2gcVoRoN\xe2\x80\xa6',0,info
76,76,76,3/20/16 19:56,b'#Oscars Film Series: THE AVIATOR Heavy-handed biopic starring miscast LEONARDO DiCAPRIO https://t.co/pLd1uiN57I https://t.co/Ez14neXAwc',1,neg
77,77,77,3/20/16 19:53,"b""RT @beautyblender: Must-haves for tonight's #Oscars https://t.co/fCBOoeRGgI""",0,funny
78,78,78,3/20/16 19:52,"b""RT @James_Buckley: Hey @LeoDiCaprio sorry bro can't meet up with you after the #Oscars Dave's showing us his new Ford Fiesta at the KFC car\xe2\x80\xa6""",0,funny
79,79,79,3/20/16 19:49,b'RT @TheAcademy: Congrats to our Original Song nominees #Oscars #OscarNoms https://t.co/Q9eW5OIOWG',0,pos
80,80,80,3/20/16 19:49,b'RT @wmag: Over-the-top bling steals the red carpet spotlight: https://t.co/jCOJowO8vA #Oscars https://t.co/OI071qNcDg',0,neg
81,81,81,3/20/16 19:49,b'RT @wmag: Saorise Ronan turns heads in @CalvinKlein: https://t.co/KRlS3cT662 #Oscars https://t.co/MvUIvKWpFf',0,info
82,82,82,3/20/16 19:49,b'RT @wmag: .@OliviaWilde is graceful in @Valentino Haute Couture: https://t.co/BfkUyvgsFl #Oscars https://t.co/XL5OfmAbZK',0,info
83,83,83,3/20/16 19:48,b'RT @loleu: congrats @LeoDiCaprio! #Oscars #BanVolibear https://t.co/eUkq9dqtGu',0,funny
84,84,84,3/20/16 19:48,b'RT @wmag: .@MargotRobbie kept it sleek and simple with diamond hoop earrings: https://t.co/XDWTQVDnEs #Oscars https://t.co/HIQg6i1TBk',0,info
85,85,85,3/20/16 19:48,b'RT @wmag: What a celebrity stylist really does on the big day: https://t.co/tJ1v4r6dQS #Oscars https://t.co/9nniA20UcJ',0,info
86,86,86,3/20/16 19:47,b'RT @Uber_Pix: Finally #Oscars #Oscars2016 https://t.co/7bw6TnN0sU',0,info
87,87,87,3/20/16 19:46,b'RT @AnneHathabae: Kate Winslet is all of us. #Oscars https://t.co/vSsd1CTnP3',0,pos
88,88,88,3/20/16 19:46,b'RT @AnneHathabae: In Support of Leonardo @LeoDiCaprio! #Oscars https://t.co/DxqcjiaWKZ',0,pos
89,89,89,3/20/16 19:45,b'RT @hearmyvoiceapp: \xe2\x80\x9cClimate change is real. It is the most urgent threat facing our entire species.\xe2\x80\x9d \xe2\x80\x93 Leonardo DiCaprio #Oscars https://t\xe2\x80\xa6',0,neg
90,90,90,3/20/16 19:44,b'RT @50sAnd60s: Audrey Hepburn accepting her Oscar for Best Actress in a Leading Role for roman holiday. #Oscars https://t.co/68RBb98sJY',0,info
91,91,91,3/20/16 19:37,b'RT @johnharlankim: Ya did it Leo. You bloody did it. #Oscars',0,pos
92,92,92,3/20/16 19:37,"b""RT @ByrdieBeautyAU: From @MargotRobbie's lob to @ChrissyTeigen's perfect pout, see the best EVER #Oscars beauty: https://t.co/ETxsdof3el ht\xe2\x80\xa6""",0,pos
93,93,93,3/20/16 19:37,b'RT @getfandom: Sobbing. \xf0\x9f\x98\xad\xf0\x9f\x92\x94 #Oscars https://t.co/t2nbXHuhbn',0,neg
94,94,94,3/20/16 19:37,"b""RT @thebestofmarvel: We're all Mark Ruffalo right now \xf0\x9f\x98\x82\xf0\x9f\x91\x8c #Oscars https://t.co/qQV1uSWqEk""",0,funny
95,95,95,3/20/16 19:36,b'RT @ByrdieBeautyAU: Our girl Margot Robbie gives good bronze glow on the #oscars red carpet: https://t.co/GcHjaZgs5f https://t.co/L7iEFgU1lj',0,info
96,96,96,3/20/16 19:36,b'RT @ByrdieBeautyAU: We can always count on @oliviawilde to turn out an EXCEPTIONAL makeup look: https://t.co/ohk2iy5o4M #oscars https://t.c\xe2\x80\xa6',0,info
97,97,97,3/20/16 19:35,"b""RT @ByrdieBeautyAU: Daisy Ridley's hair is nothing short of a masterpiece as seen on the #Oscars red carpet: https://t.co/DQK0ZMPp0X https:\xe2\x80\xa6""",0,info
98,98,98,3/20/16 19:35,"b""RT @ByrdieBeautyAU: The surprising product behind @MargotRobbie's #Oscars hairstyle: https://t.co/xN6cDR4AlK https://t.co/RhRZ4e0pDX""",0,funny
99,99,99,3/20/16 19:35,"b""RT @ByrdieBeautyAU: Here's how Jennifer Lawrence prepped her skin for the #Oscars: https://t.co/EorwLVY35S https://t.co/pySiipKjXk""",0,info
100,100,100,3/20/16 19:34,b'RT @anumkausar: And finally. He won. Like a boss. \xf0\x9f\x8e\x89\xf0\x9f\x8e\x89 break loose Internet \n#Oscars #DiCaprio',0,pos
101,101,101,3/20/16 19:25,b'RT @TiffanyAndCo: Cate Blanchett offers a glimpse of her 2016 #TiffanyBlueBook jewels at tonight\xe2\x80\x99s #Oscars. https://t.co/QJPk5qGDEd',0,info
102,102,102,3/20/16 19:25,"b""RT @TiffanyAndCo: Cate Blanchett embodied Hollywood glamour at this year's #Oscars in stunning pieces from the 2016 #TiffanyBlueBook. https\xe2\x80\xa6""",0,info
103,103,103,3/20/16 19:22,b'RT @pattyboii: Just gunna leave this here.. Good night. #Oscars https://t.co/7e8Fbuxq3V',0,info
104,104,104,3/20/16 19:22,b'RT @NnCntFn_dieci: Our utero will go on and on.\xe2\x9d\xa4 \n#Oscars #LeoDicaprio https://t.co/tJOPgyXnp5',0,info
105,105,105,3/20/16 19:21,b'RT @MOVIEMEMORlES: LEO AND KATE AT THE #OSCARS GIVES ALL THE FEELS \xf0\x9f\x98\xa9\xf0\x9f\x98\xad\xf0\x9f\x98\x8d https://t.co/IlOj2x4KEs',0,pos
106,106,106,3/20/16 19:21,b'RT @ClementJ64: Call me when the Servbots are presenting at the Oscars. #Oscars',0,funny
107,107,107,3/20/16 19:20,b'RT @MadMaxMovieUK: What a day! Mad Max: Fury Road wins 6 #Oscars. Valhalla awaits! Available to buy now https://t.co/Px0AQIKwVZ https://t.c\xe2\x80\xa6',0,pos
108,108,108,3/20/16 19:20,"b'RT @JeopardySports: ""Who are: the Chicago Cubs?"" #JeopardySports #Oscars https://t.co/esAZnvABXZ'",0,funny
109,109,109,3/20/16 19:20,"b""RT @lillyyscottt: I'm so happy for Leo right now! #Oscars #LeonardoDiCaprio""",0,pos
110,110,110,3/20/16 19:19,"b'RT @KevinHart4real: ""Hey Twitter! I\xe2\x80\x99ll be answering your #Oscars questions today at 3pm PT - Tweet me with #AskKevinHart\xe2\x80\x9d'",0,info
111,111,111,3/20/16 19:19,b'RT @MsClassymom: @KevinHart4real is shaaaarp with his Dolce&amp;Gabbana on!!!! #Oscars',0,pos
112,112,112,3/20/16 19:19,b'RT @ETCanada: Head to toe in @dolcegabbana - @KevinHart4real &amp; Eniko Parrish. #Oscars #ETCanadaRedCarpet  https://t.co/0QM9psDwFB https://t\xe2\x80\xa6',0,pos
113,113,113,3/20/16 19:19,b'RT @CNN: #Oscars 2016: The best of the red carpet https://t.co/dtMGKTcWXe https://t.co/r9s3Nd7n6j',0,pos
114,114,114,3/20/16 19:19,"b'RT @TheBenderNation: .@KevinHart4real \xf0\x9f\x98\x82\xf0\x9f\x94\xa5\xf0\x9f\x92\xaf ""I\'m shinnin\'! Look at it!"" #Oscars https://t.co/Y7o0Eb38Ay'",0,pos
115,115,115,3/20/16 19:19,"b'RT @BryanPWHogan: Quote of the night! @KevinHart4real - ""Dolce &amp; Gabbana head to toe baby!"" @dolce #Oscars #RedCarpet https://t.co/HanmxPjz\xe2\x80\xa6'",0,pos
116,116,116,3/20/16 19:19,b'RT @vulture: Kevin Hart is truly living his best life. #Oscars https://t.co/6lshoF1yr2',0,pos
117,117,117,3/20/16 19:19,"b'RT @GMA: ""Let\'s not let this issue of diversity beat us..."" - @KevinHart4real. #Oscars https://t.co/6Eygcm3KQg'",0,pos
118,118,118,3/20/16 19:19,"b""RT @THR: #Oscars: Kevin Hart pays tribute to actors of color who weren't nominated https://t.co/HGmMIvAu6N https://t.co/28978ctKxC""",0,pos
119,119,119,3/20/16 19:19,b'RT @people: .@KevinHart4real and other male actors lead envelope-pushing style https://t.co/uHRAk37I6G via @People_Style #Oscars https://t.\xe2\x80\xa6',0,pos
120,120,120,3/20/16 19:14,"b'Remember the you are ""greatest* no you are *greatest*. At least we know what that meant lol #Oscars  https://t.co/vZMEcKbwRR'",1,funny
121,121,121,3/20/16 19:11,b'RT @getfilming: Making an #IndieFilm? Advice from #Sundance and #Oscars experts. https://t.co/GZs34VMXB1 https://t.co/t9lmTmHi01',0,info
122,122,122,3/20/16 19:06,b'RT @ShaneKPONeill: RT About bloody time!!! #Oscars https://t.co/oypB1Of0Fb',0,funny
123,123,123,3/20/16 19:04,b'RT @TheHuntsman: Dressed to kill. #TheHuntsman #WintersWar #Oscars https://t.co/4nkckMOvDJ',0,pos
124,124,124,3/20/16 18:58,"b'RT @OliviaWildeNws: #Oscars 2016 Fashion Trend: See How Rooney Mara, Olivia Wilde, and More \xe2\x80\xa6 https://t.co/Jyhf0IMRAW via @BooteJennifer'",0,info
125,125,125,3/20/16 18:58,b'RT @JolaTess: #StandUpForStunts #Oscars \nThese #kickass people need their own category! ~\xe2\x99\xa5 https://t.co/eUKOoIibA1 \xe2\x80\xa6 https://t.co/gBiOOLUKwJ',0,pos
126,126,126,3/20/16 18:57,"b'RT @Road2Oscars: Also at the 24th #Oscars, #HumphreyBogart was the last man, born in the 19th century, to win Lead Actor. Yup. https://t.co\xe2\x80\xa6'",0,info
127,127,127,3/20/16 18:53,"b'RT @RooneyMaraNws: #Oscars 2016 Fashion Trend: See How Rooney Mara, Olivia Wilde, and More \xe2\x80\xa6 https://t.co/VyLeGcRbsG via @BooteJennifer'",0,info
128,128,128,3/20/16 18:53,b'RT @DSprayberry: Congrats #MarkMangini for winning best sound editing for #MadMaxFuryRoad at the #Oscars too bad we stole his award\xf0\x9f\x98\x8e https:\xe2\x80\xa6',0,pos
129,129,129,3/20/16 18:52,b'RT @50sAnd60s: James Dean became the first actor to receive a posthumous Academy Award nomination for Best Actor. #Oscars https://t.co/2329\xe2\x80\xa6',0,info
130,130,130,3/20/16 18:52,b'RT @Nkosinathi_D: #SAFTAS10 = South African Version of #Oscars',0,info
131,131,131,3/20/16 18:52,"b'#Oscars 2016 Fashion Trend: See How Rooney Mara, Olivia Wilde, and More \xe2\x80\xa6 https://t.co/Jyhf0IMRAW via @BooteJennifer'",0,info
132,132,132,3/20/16 18:51,b'#SAFTAS10 = South African Version of #Oscars',0,info
133,133,133,3/20/16 18:50,b'RT @BeatFassbender: NEW Michael #Fassbender arrives for the 88th annual Academy Awards ceremony in Hollywood. Beautiful! \xe2\x9d\xa4 #Oscars https://\xe2\x80\xa6',0,info
134,134,134,3/20/16 18:50,b'RT @myboycrush: 19 years apart \xf0\x9f\x98\x8d #oscars https://t.co/96zQIejA7f',0,info
135,135,135,3/20/16 18:50,b'RT @BB8: Backstage at the #Oscars \nhttps://t.co/MIUUzfevL6',0,info
136,136,136,3/20/16 18:49,b'RT @JLo: MERYL STREEP #Oscars #OscarsLegend #needsomeofthatoscarjuju lol... http://t.co/9ctdxLyS2E',0,info
137,137,137,3/20/16 18:46,b'RT @NinaMyQueen_x: Leonardo DiCaprio and Kate Winslet omg so cute. #Oscars https://t.co/jG08ziL53y',0,pos
138,138,138,3/20/16 18:46,"b""RT @torkefan: A stunning concert from the @the_halle last night. #oscars. The electricity flowed and #lynfletcher's play was just amazing! \xe2\x80\xa6""",0,pos
139,139,139,3/20/16 18:45,b'RT @VaccineXchange: RT @SilentSpring05: Did you know Sudden Infant Deaths (SIDs) linked to vaccine?\n#LearnTheRisk\n#Oscars\n#NASCAR https://t\xe2\x80\xa6',0,neg
140,140,140,3/20/16 18:45,"b'#Oscars 2016 Fashion Trend: See How Rooney Mara, Olivia Wilde, and More \xe2\x80\xa6 https://t.co/VyLeGcRbsG via @BooteJennifer'",2,info
141,141,141,3/20/16 18:44,b'RT @Etsy_Team_LOVE: #Vintage Oscar Worthy Glam by Team Love #Oscars #TeamLoveGroup by Marlo https://t.co/Yo5OBWMOSY via @Etsy',0,info
142,142,142,3/20/16 18:43,"b""RT @davelevinthal: What you need to know about 'Dr. Evil,' the man behind the anti-@HumaneSociety ads during #Oscars \xe2\x80\x94 via @Publici  https:\xe2\x80\xa6""",0,info
143,143,143,3/20/16 18:43,"b'RT @kathymckiernan: Go Leo. ""Let us not take this planet for granted."" #Oscars'",0,pos
144,144,144,3/20/16 18:43,b'RT @waynepacelle: When attack ads fail: One #Oscars ad attacking the HSUS gained us more than a million dollars in support https://t.co/Fy3\xe2\x80\xa6',0,pos
145,145,145,3/20/16 18:42,"b'RT @MisterPreda: I give up, I took off my shoes. #fashun #Oscars #bts https://t.co/dsDTD3F6Q3'",0,pos
146,146,146,3/20/16 18:39,"b'RT @ABC: Buzz &amp; Woody present the award for best animated feature film: ""Reach for the sky!"" https://t.co/vG5LjQdCo9 #Oscars https://t.co/G\xe2\x80\xa6'",0,info
147,147,147,3/20/16 18:34,b'RT @Nordstrom: This happened...and it was magical. #Oscars https://t.co/goswK4X7py',0,pos
148,148,148,3/20/16 18:32,b'RT @ikopta: Dave And the Ride on #funny #film #short #comedy #oscars #UAV #drone #husqvarna #grass #mower #robotics #norfolkhour https://t.\xe2\x80\xa6',0,info
149,149,149,3/20/16 18:32,"b""Mar. 20 in #AnimationHistory: 1952 Oscar winner Best Animated Short: M.G.M.'s THE TWO MOUSEKETEERS #Oscars https://t.co/v3HSYGNjqg""",3,info
150,150,150,3/20/16 18:28,"b""RT @MagconGoals2016: rt if you think cam will win an oscar in his lifetime. in 20 years, we'll look back and see who rt'd this. \n\n#Oscars h\xe2\x80\xa6""",0,pos
151,151,151,3/20/16 18:27,b'RT @BradLindenSoCal: The election should be more like the #Oscars\nCandidates should be played off stage if their victory speeches go on for\xe2\x80\xa6',0,funny
152,152,152,3/20/16 18:26,b'RT @ajitem: Watched #Spotlight 2day. Wat a brilliant movie d new @KygoMusic track #fragile could hav been so apt for the movie. Deserved #o\xe2\x80\xa6',0,pos
153,153,153,3/20/16 18:26,b'RT @50sAnd60s: Audrey Hepburn &amp; Julie Andrews. #Oscars https://t.co/qVeeDwxBVO',0,info
154,154,154,3/20/16 18:25,"b""RT @_spetty: I knew you'd get it eventually, babe. So proud #Oscars https://t.co/RhOCfEk8wt""",0,pos
155,155,155,3/20/16 18:24,b'RT @Dior: Charlize Theron looked elegant in a red #Diorcouture dress at the 88th annual Academy Awards. #StarsinDior #Oscars https://t.co/5\xe2\x80\xa6',0,pos
156,156,156,3/20/16 18:24,"b'Also at the 24th #Oscars, #HumphreyBogart was the last man, born in the 19th century, to win Lead Actor. Yup. https://t.co/J6Z6IdGahO'",3,info
157,157,157,3/20/16 18:23,"b'RT @TheBrokaw: The Revenant at the Brokaw today, 6:50pm. #Oscars #Leo #BestActor https://t.co/P3ZJXEanRL https://t.co/EwhXYDE5dQ'",0,info
158,158,158,3/20/16 18:19,b'RT @erinruberry: Never forget the greatest #Oscars red carpet moment ever https://t.co/hdeF09zjcR',0,info
159,159,159,3/20/16 18:18,b'RT @Lift_4_Life: Well done to Leonardo DiCaprio for eventually getting his Oscar! #Oscars #Oscars2016 https://t.co/cYiWcyqlIX',0,pos
160,160,160,3/20/16 18:17,b'RT @_AlexDTurner: Obelisco here we go #Oscars #LeoDicaprio https://t.co/OesUFAR6ha',0,info
161,161,161,3/20/16 18:17,b'Watched #Spotlight 2day. Wat a brilliant movie d new @KygoMusic track #fragile could hav been so apt for the movie. Deserved #oscars rightly',1,pos
162,162,162,3/20/16 18:16,"b'RT @TheWeekndNewsXO: ""XO niggas ain\'t nothin\' to mess with, nobody stoppin\' us, oh no, we destined."" #Oscars https://t.co/yRjae013kh'",0,neg
163,163,163,3/20/16 18:15,"b'The Revenant at the Brokaw today, 6:50pm. #Oscars #Leo #BestActor https://t.co/P3ZJXEanRL https://t.co/EwhXYDE5dQ'",1,info
164,164,164,3/20/16 18:15,b'RT @Ivanzevach: The bear \xf0\x9f\x98\x82\xf0\x9f\x98\x82 #Oscars https://t.co/krCjMZaNMu',0,funny
165,165,165,3/20/16 18:14,"b""RT @swanlee99: Root cause of #Oscars ' contempt&amp; humiliation of #AsiAms is #movieindustry 's virtual exclusion of #AsiAm actors. @TheAcadem\xe2\x80\xa6""",0,neg
166,166,166,3/20/16 18:14,"b""RT @EW: Sam Smith performs 'Writing's on the Wall' at the #Oscars: https://t.co/L7WjpH2XPA https://t.co/buyHa0hpOA""",0,info
167,167,167,3/20/16 18:13,b'RT @amitrajwant: 40.\nAcademy Award for Lifetime Jihad Achievement goes to: RT for all or like for Afzal Guru. #Oscars #Oscars2016 https://t\xe2\x80\xa6',0,info
168,168,168,3/20/16 18:13,"b""Review of #AsifKapadia's incredible #Documentary #Amy - https://t.co/NKqKTl9TBi - #AmyWinehouse #filmmaking #MarkRonson #Oscars #bafta2016""",1,pos
169,169,169,3/20/16 18:12,b'RT @itsjenIawrence: SLAY #Oscars https://t.co/KTx65VOANJ',0,neg
170,170,170,3/20/16 18:11,b'RT @Sprint7079: #StarWars had 5 Oscar nominations last night! Celebrate with BB-8 at Sprint today! #oscars #sprint https://t.co/5tMzmO76Yo',0,pos
171,171,171,3/20/16 18:10,"b""RT @Cat_Cosplay: You won't see us on the Oscars broadcast, but we took home a gold one for costume design... for cats... \xf0\x9f\x98\x89\n\n#Oscars https:/\xe2\x80\xa6""",0,info
172,172,172,3/20/16 18:09,b'RT @SweetLoveMsg: LEO AND KATE AT THE #OSCARS\xc2\xa0 GIVES ALL THE FEELS \xf0\x9f\x98\xa9\xf0\x9f\x98\xad\xf0\x9f\x98\x8d https://t.co/DEckKJTWUJ',0,pos
173,173,173,3/20/16 18:09,b'RT @SweetLoveMsg: JACK &amp; ROSE FOREVER. \xe2\x9d\xa4\xef\xb8\x8f\xe2\x9a\x93\xef\xb8\x8f\xf0\x9f\x92\x99 #Oscars https://t.co/mwJ07Rr4FS',0,pos
174,174,174,3/20/16 18:08,"b'RT @iHeartRadio: RT TO VOTE! #TiItHappensToYou #BestMovieSong #iHeartAwards. (Don\'t worry, 1 ""l"" or 2 ""ll"" will count! #Oscars https://t.co\xe2\x80\xa6'",0,info
175,175,175,3/20/16 18:06,b'RT @eonline: Kate Winslet proudly looking at Leonardo DiCaprio during his #Oscars acceptance speech is making us feel things. \xe2\x9d\xa4\xef\xb8\x8f https://t.\xe2\x80\xa6',0,pos
176,176,176,3/20/16 18:05,"b'RT @sparksjls: ""How much longer do I have to wear this damn coat?"" #Oscars https://t.co/c7hcPmU9yE'",0,funny
177,177,177,3/20/16 17:57,b'RT @musicnews_shade: Throwback to Madonna and Michael Jackson looking royal at the 1990 #Oscars. https://t.co/XJZ8n706FR',0,info
178,178,178,3/20/16 17:53,b'RT @GettySport: #FlashbackFriday: Sylvester Stallone and Muhammad Ali share a moment at the 1977 #Oscars https://t.co/fiIoEpFeHs',0,info
179,179,179,3/20/16 17:51,b'RT @shahidk4u: Mad Max Tshirt!\nhttps://t.co/cDXm6JnG4v\n#MadMax #\xe3\x83\x9e\xe3\x83\x83\xe3\x83\x89\xe3\x83\x9e\xe3\x83\x83\xe3\x82\xaf\xe3\x82\xb9 #MadMaxFuryRoad #Oscars #FuryRoad #\xe3\x83\x9e\xe3\x83\x83\xe3\x83\x89\xe3\x83\x9e\xe3\x83\x83\xe3\x82\xaf\xe3\x82\xb9\xe3\x83\xa4\xe3\x83\x90\xe3\x81\x84 #TomHardy https://t.c\xe2\x80\xa6',0,info
180,180,180,3/20/16 17:51,b'RT @IntThings: Leonardo DiCaprio uses acceptance speech to bring attention to climate change.. #oscars https://t.co/86wFCDCUgD https://t.co\xe2\x80\xa6',0,info
181,181,181,3/20/16 17:49,"b""RT @Kickresume: Resume of Leonardo DiCaprio: Surprising Facts You Didn't Know \n-&gt; https://t.co/lfykSLRgJ5\n\n#oscars #resume #dicaprio https:\xe2\x80\xa6""",0,info
182,182,182,3/20/16 17:48,b'#Vintage Oscar Worthy Glam by Team Love #Oscars #TeamLoveGroup by Marlo https://t.co/Yo5OBWMOSY via @Etsy',0,pos
183,183,183,3/20/16 17:47,"b""RT @elizabethforma: And no Best Picture award, but #TheBigShort made clear we will not forget that Wall St broke our economy. This ain't ov\xe2\x80\xa6""",0,pos
184,184,184,3/20/16 17:46,b'Making an #IndieFilm? Advice from #Sundance and #Oscars experts. https://t.co/GZs34VMXB1 https://t.co/t9lmTmHi01',6,info
185,185,185,3/20/16 17:44,b'Mad Max Tshirt!\nhttps://t.co/cDXm6JnG4v\n#MadMax #\xe3\x83\x9e\xe3\x83\x83\xe3\x83\x89\xe3\x83\x9e\xe3\x83\x83\xe3\x82\xaf\xe3\x82\xb9 #MadMaxFuryRoad #Oscars #FuryRoad #\xe3\x83\x9e\xe3\x83\x83\xe3\x83\x89\xe3\x83\x9e\xe3\x83\x83\xe3\x82\xaf\xe3\x82\xb9\xe3\x83\xa4\xe3\x83\x90\xe3\x81\x84 #TomHardy https://t.co/1RBA1I6uwz',0,info
186,186,186,3/20/16 17:44,b'RT @ItsOnUs: .@VP &amp; @ladygaga are standing with survivors at the #Oscars. Join the #ItsOnUs movement: https://t.co/n18cRwN3k3 https://t.co/\xe2\x80\xa6',0,pos
187,187,187,3/20/16 17:42,"b'RT @50sAnd60s: Young Sinatra, #Oscars https://t.co/6iOd71wOXM'",0,info
188,188,188,3/20/16 17:39,"b""RT @_Snape_: Just a friendly reminder that Harry Potter never won an Oscar. Apparently, inspiring an entire generation isn't good enough. #\xe2\x80\xa6""",0,neg
189,189,189,3/20/16 17:35,"b'RT @50sAnd60s: Well deserved, Leo. #Oscars'",0,pos
190,190,190,3/20/16 17:35,"b""RT @itsWillyFerrell: This is Leonardo DiCaprio's biggest fear tonight. #Oscars https://t.co/GYspNAvLqZ""",0,funny
191,191,191,3/20/16 17:31,b'RT @Iondonheart: THE BEST REACTION\xf0\x9f\x98\x82 #Oscars https://t.co/P04iPKwn6V',0,funny
192,192,192,3/20/16 17:30,b'RT @imvictoriafratz: I touched the butt \xf0\x9f\x9a\xa3\xf0\x9f\x8f\xbc\xf0\x9f\x90\xa0 #theoscars #oscars https://t.co/3dtZRkkSgy',0,funny
193,193,193,3/20/16 17:25,"b""RT @FunnyPokemon: This is what's going on in Leo's mind right now\xf0\x9f\x98\x82 #Oscars https://t.co/117z8SXnDP""",0,funny
194,194,194,3/20/16 17:24,"b'RT @bornthisw4y: Agora, Lady Gaga canta ""Til It Happens To You"" no #Oscars !!! https://t.co/HXD6iRMU4f'",0,info
195,195,195,3/20/16 17:24,b'RT @bornthisw4y: Lady Gaga performando Til It Happens To You. #Oscars\nhttps://t.co/OhnUsLne6U',0,info
196,196,196,3/20/16 17:19,"b'RT @kothubarotta: ""Even Leo has won an Oscar. When are you going to get married?"" - Indian Parents #Oscars'",0,funny
197,197,197,3/20/16 17:19,b'RT @landrybender: FINAL-FREAKING-LY #Oscars',0,pos
198,198,198,3/20/16 17:19,b'RT @landrybender: What elegance and class. So much love for Brie Larson. #oscars',0,pos
199,199,199,3/20/16 17:18,b'RT @aVeryRichBitch: This is the best segment of the night \xf0\x9f\x98\x82  #Oscars\nhttps://t.co/iqWbm9LFN1',0,pos
200,200,200,3/20/16 17:15,b'RT @myboycrushs: 19 years apart \xf0\x9f\x98\x8d #oscars\xc2\xa0 https://t.co/jjtTqDnD6f',0,info
201,201,201,3/20/16 17:12,b'RT @LadyGagaHooker: The earrings worn by Gaga at the #Oscars are worth 8 Million Dollars \xf0\x9f\x92\x8e https://t.co/saRVFXzAHw',0,info
202,202,202,3/20/16 17:11,"b'RT @nerdist: ""I\'m The Danish Girl."" #Oscars https://t.co/8V2FISb5Qy'",0,funny
203,203,203,3/20/16 17:11,b'RT @kerrywashington: Chills! Wow. Thank you @JoeBiden #Oscars  https://t.co/OAYQ1ZL5LF',0,pos
204,204,204,3/20/16 17:11,b'RT @kerrywashington: #ItsOnUs \nThese survivors. Wow. \nFloored by the courage. And beauty. And realness. #Oscars @ladygaga Thank you.',0,pos
205,205,205,3/20/16 17:10,b'RT @SexFactsOfLife: Leonardo DiCaprio and Kate Winslet are forever goals! \xf0\x9f\x98\x8d Then and now. #Oscars https://t.co/cwb3DLLGSu',0,pos
206,206,206,3/20/16 17:08,b'RT @StarsThenVsNow: The transformation \xf0\x9f\x98\x8d #Oscars https://t.co/L73mU1TXZH',0,pos
207,207,207,3/20/16 17:07,"b""RT @KISSASSCRITIC: @JulietteLewis  I've been a fan of your dad ever since seeing HIGH PLAINS DRIFTER. #OSCARS should have included him.""",0,neg
208,208,208,3/20/16 17:06,b'RT @lifeaseva: Leo be waking up tomorrow like #Oscars https://t.co/r3p2JHnYUR',0,funny
209,209,209,3/20/16 17:02,"b""RT @Eniffer: You ain't got nothing on us! #oscars #selfie @TheEllenShow @Pwaulus @JamesEniffer @nicNFR https://t.co/dI8Qz4qmSF""",0,neg
210,210,210,3/20/16 17:02,"b""RT @_Snape_: Leonardo DiCaprio's speech tonight.. #Oscars https://t.co/nXyNNosRwf""",0,info
211,211,211,3/20/16 17:01,"b""You ain't got nothing on us! #oscars #selfie @TheEllenShow @Pwaulus @JamesEniffer @nicNFR https://t.co/dI8Qz4qmSF""",2,neg
212,212,212,3/20/16 17:01,b'RT @rockorigins: This actually happened at the #Oscars https://t.co/x9khgbJBkB',0,funny
213,213,213,3/20/16 17:01,b'RT @damnitsriley: Retweet if you learned something new! \xf0\x9f\x98\x83\xf0\x9f\x98\xb5 Standing Tutorial! \xf0\x9f\x98\x86Hope you enjoyed \xf0\x9f\x92\xa6 #Oscars https://t.co/AeI42kKdjG',0,info
214,214,214,3/20/16 16:59,"b""RT @TygerWilliams: I'm talking 2016 #Oscars w @thedavidisaacs, @katiewalshstx, Alex Ago on SCA podcast.   https://t.co/4acshpiTMj""",0,info
215,215,215,3/20/16 16:54,b'RT @_Snape_: I still think Leo should have won the Oscar for Titanic.. #Oscars https://t.co/AURF7J27Jk',0,neg
216,216,216,3/20/16 16:50,b'RT @beaufilms: LEO AND KATE AT THE #OSCARS\xc2\xa0 GIVES ALL THE FEELS \xf0\x9f\x98\xa9\xf0\x9f\x98\xad\xf0\x9f\x98\x8d https://t.co/M9okxu60ze',0,pos
217,217,217,3/20/16 16:48,b'RT @Joewidd1: Congrats Leo! \xf0\x9f\x8e\xad #Oscars (Vine by @masonchillout) https://t.co/dKJUYTpvgn',0,pos
218,218,218,3/20/16 16:48,b'RT @AlvaroQD1: THE FINAL OSCARDOWN  #Oscars #DiCaprio #Trazztornos #Vinealo https://t.co/jDY2BfIqcq (Vine by @Trazzto) https://t.co/mM1lnei\xe2\x80\xa6',0,info
219,219,219,3/20/16 16:46,"b'RT @_DemonDean: Id like to thank @LeoDiCaprio for his beautiful beautiful soul. Congrats, buddy! See you in 10 years! #Oscars'",0,pos
220,220,220,3/20/16 16:45,"b'RT @GMA: Looking fabulous, @SofiaVergara! #Oscars https://t.co/VvRuqumBgf'",0,info
221,221,221,3/20/16 16:44,b'RT @marvelhumor: This is gonna be Leo walking onstage tonight #Oscars https://t.co/6y4qaV21H2',0,pos
222,222,222,3/20/16 16:43,b'RT @_misshollywood0: Grace Kelly at the 27th annual awards in 1955 #Oscars https://t.co/85Udo0j1X9',0,info
223,223,223,3/20/16 16:41,"b""RT @greys_addiction: I'm not crying.. There's just a little Kate and Cate in my eyes \n\n#Oscars https://t.co/tcTUqcxDBr""",0,pos
224,224,224,3/20/16 16:39,b'Congrats Leo! \xf0\x9f\x8e\xad #Oscars (Vine by @masonchillout) https://t.co/dKJUYTpvgn',0,pos
225,225,225,3/20/16 16:37,"b""RT @Caspar_Lee: If Leo doesn't win deactivating. #oscars""",0,pos
226,226,226,3/20/16 16:37,b'RT @newsinvideos: Are The #Oscars #Racist?\n\nhttps://t.co/pdyBto4U8B https://t.co/s7lI1cgNXS',0,neg
227,227,227,3/20/16 16:37,b'Are The #Oscars #Racist?\n\nhttps://t.co/pdyBto4U8B https://t.co/s7lI1cgNXS',0,neg
228,228,228,3/20/16 16:35,b'RT @PattyArquette: Happy #Oscars! I\xe2\x80\x99ll be answering your questions about #EqualMeansEqual in an hour! Tweet me! https://t.co/hBZPQ6Y1SG htt\xe2\x80\xa6',0,info
229,229,229,3/20/16 16:33,b'RT @samjgreen88: Everyone should read this!!! #Oscars2016 #JennyBeavan #costumedesigner @GraceRandolph @leontinemay #Oscars  https://t.co/C\xe2\x80\xa6',0,info
230,230,230,3/20/16 16:30,b'RT @JereCastro86: Back to the future #Oscars https://t.co/Nyr2x5S3mE',0,info
231,231,231,3/20/16 16:29,b'RT @_Snape_: Harry Potter &gt; Star Wars #Oscars',0,neg
232,232,232,3/20/16 16:29,"b""RT @_Snape_: Jennifer Lawrence didn't win because she didn't fall down tonight. #Oscars""",0,funny
233,233,233,3/20/16 16:28,b'RT @RTorFAV_1: Leonardo DiCaprio will win an Oscar today and I will cry. #GoodLuckLeo #OscarForLeo #Oscars https://t.co/39UrPgyxpa',0,pos
234,234,234,4/20/16 8:04,b'RT @MisterBroRo: \xe2\x9c\xa8 Lady Gaga looking unbelievably Gorgeous on the Vanity Fair #Oscars After Party red carpet. \xe2\x9c\xa8 https://t.co/uUvpYpLGmk',0,pos
235,235,235,4/20/16 8:01,b'RT @BluRayTalk: The Revenant (2015) Blu Ray Unboxing UltraHD 4K and Review https://t.co/QUzWLEFLhX  #4k  #revenant #oscars #revenge #bluray\xe2\x80\xa6',0,info
236,236,236,4/20/16 7:56,b'Room (2015) Blu Ray Review and Unboxing https://t.co/xZUb3352ed  #bluray #dvd #room #roommovie #JacobTremblay #lionsgate #movies #oscars',0,info
237,237,237,4/20/16 7:34,"b""RT @TOMS: With the help of @AttahNii, we're giving 10k pairs of shoes to kids in need in his home country of Ghana. #Oscars https://t.co/HJ\xe2\x80\xa6""",0,pos
238,238,238,4/20/16 7:33,"b'RT @TOMS: #TOMS Shoe Box Office Presents: The Returned, a film about never giving up. #Oscars https://t.co/pGUrS2EMwj\nhttps://t.co/gVh9BcB5\xe2\x80\xa6'",0,pos
239,239,239,4/20/16 7:33,"b'RT @TOMS: #TOMS Shoe Box Office Presents: Overpass of Agents, why one when you can have two? #Oscars https://t.co/pGUrS2EMwj\nhttps://t.co/E\xe2\x80\xa6'",0,neg
240,240,240,4/20/16 7:33,b'RT @TOMS: It has been a great night so far! Getting comfy in our #TOMSshoes for the second half. #Oscars https://t.co/XjIo78falp',0,pos
241,241,241,4/20/16 7:33,"b'RT @TOMS: #TOMS Shoe Box Office Presents: Area, a meditation on motherhood. #Oscars https://t.co/pGUrS2EMwj\nhttps://t.co/XOzel2wnfy'",0,funny
242,242,242,4/20/16 7:33,"b""RT @TOMS: A recap of Hollywood's biggest night... #TOMS style. #Oscars\nhttps://t.co/K8JUj4Gbcx""",0,info
243,243,243,4/20/16 7:07,b'RT @HipHopDX: CONGRATS!!! @Eminem @MeekMill @vincestaples Songs In Running For #oscars https://t.co/hlFC19uMIJ by @SorenBaker https://t.co/\xe2\x80\xa6',0,info
244,244,244,4/20/16 7:05,b'RT @mydogfendi: So this just happened! #Oscars #RedCarpet #BadPuppy http://t.co/CBHhV1ggNs',0,funny
245,245,245,4/20/16 6:55,b'RT @SamSmithPL: Good luck !!!! @samsmithworld  #Oscars #Oscar2016',0,pos
246,246,246,4/20/16 6:55,b'RT @SamSmithPL: #proud #Oscars @samsmithworld @jimmynapes Congratulations from Poland !!!!!',0,pos
247,247,247,4/20/16 6:55,b'RT @SamSmithPL: ***Speechless**** @samsmithworld \n#Oscars #Oscars2016 #OscarNoms #SamSmith https://t.co/BvnP1D4DJl',0,info
248,248,248,4/20/16 6:41,"b'RT @CollinsKey: Check out the #Oscars Live Snapchat story, you might see your boy in there! @atthellolab \xf0\x9f\x98\x89'",0,info
249,249,249,4/20/16 6:08,b'RT @skaijackson: Stacey dash at the oscars... #staceydash #Oscars https://t.co/bpfX5kdIqZ',0,info
250,250,250,4/20/16 6:08,b'RT @skaijackson: Chrissy Teigen is all of us when Stacey Dash came out \xf0\x9f\x98\x82 #oscars https://t.co/b5QYz1hKFt',0,info
251,251,251,4/20/16 5:45,b'RT @TheEmilyBloom: Have a great Sunday and #Oscars :D &amp; check out my Oscar-worthy #thesis project :D https://t.co/iQHL3ICMmZ #indie https:/\xe2\x80\xa6',0,info
252,252,252,4/20/16 5:42,b'RT @SofiaVergara: Have fun tonight my little pony!! @RWitherspoon \xf0\x9f\x92\x83#Oscars http://t.co/Oal3brakvU',0,pos
253,253,253,4/20/16 5:15,b'RT @KylieVerzosa: To equal rights and love to the LGBT community #Samsmith #oscars',0,pos
254,254,254,4/20/16 5:03,"b'RT @PortableShua: With all this #Oscars controversy, it makes me glad I only get nominated for Kids Choice Awards.'",0,neg
255,255,255,4/20/16 5:00,"b'RT @RepresentPledge: Saying women should wear simpler clothes to be asked better questions, blames women for sexism. #AskHerMore #Oscars #C\xe2\x80\xa6'",0,neg
256,256,256,4/20/16 4:58,b'RT @CNN: James Franco hosted the #Oscars with Anne Hathaway in 2011. He now says he has no regrets https://t.co/Tmba4GGwHq https://t.co/FsS\xe2\x80\xa6',0,neg
257,257,257,4/20/16 4:56,"b""RT @TheSims: Inside of Leo's head right now. #Oscars https://t.co/TGj9DIRvNp""",0,funny
258,258,258,4/20/16 4:53,"b""RT @hancocha: I'd guess #TheRevenant success was due to #LeonardoDiCaprio star power, #Oscars narrative, and post #Birdman Alejandro Inarri\xe2\x80\xa6""",0,neg
259,259,259,4/20/16 4:47,"b""I'd guess #TheRevenant success was due to #LeonardoDiCaprio star power, #Oscars narrative, and post #Birdman Alejandro Inarritu interest""",0,neg
260,260,260,4/20/16 4:46,b'RT @boyTeddyblue: 4 the win #oscars ib Contra #editranked https://t.co/bP1Q9CTGTI',0,info
261,261,261,4/20/16 4:13,b'RT @rubiusftyo: 1978 / 2016 I need a moment #Oscars https://t.co/a8kaqIYx4b',0,pos
262,262,262,4/20/16 4:12,b'RT @MrMan: But more importantly #LeonardoDiCaprio is Manatomy Award Lifetime Achievement winner #Oscars https://t.co/AIpxvsR6QH https://t.c\xe2\x80\xa6',0,funny
263,263,263,4/20/16 4:03,b'RT @Dior: Jennifer Lawrence owned the red carpet in #Diorcouture at the 88th annual Academy Awards. #StarsinDior #Oscars https://t.co/4gPzU\xe2\x80\xa6',0,info
264,264,264,4/20/16 3:39,b'RT @_Snape_: Oscars look like naked Voldemorts covered in gold. #Oscars',0,neg
265,265,265,4/20/16 3:39,"b""RT @_Snape_: I hope Leo doesn't Avada Kedavra himself tonight if he loses. #Oscars""",0,funny
266,266,266,4/20/16 3:14,b'RT @IMGmodels: Hugs All Around. #JonKortajarena + #AnneHathaway during #Oscars weekend. https://t.co/ecHk65nHWH',0,pos
267,267,267,4/20/16 2:58,"b'RT @BibliosBlood: The domes of Salt City, Utah as seen from Antelope Island State Park https://t.co/kGleTKarWr #5SOSFam #Oscars #android #a\xe2\x80\xa6'",0,funny
268,268,268,4/20/16 2:39,b'RT @Variety: #Oscars ratings drop to eight-year low in early numbers https://t.co/gIkMmlvnDU https://t.co/fBM6Je0Udf',0,neg
269,269,269,4/20/16 2:30,b'RT @SpaceBeards: HE DID IT @TheAcademy #Oscars #Space #Beardsley https://t.co/pavF1hjzFj',0,pos
270,270,270,4/20/16 2:30,"b'The domes of Salt City, Utah as seen from Antelope Island State Park https://t.co/kGleTKarWr #5SOSFam #Oscars #android #androidgames'",1,funny
271,271,271,4/20/16 2:08,"b'RT @SpencerBoldman: Such a great article RT @sundancefest :@BrieLarson Shares Her ""tapestry Of Weird"" \xe2\x86\x92 https://t.co/Vm8BzS3pk8 #Oscars htt\xe2\x80\xa6'",0,pos
272,272,272,4/20/16 2:07,"b'RT @Variety: .@LeoDiCaprio gets his Oscar engraved at the Governors Ball: ""Do you do this every year? I wouldn\'t know."" #Oscars\nhttps://t.c\xe2\x80\xa6'",0,funny
273,273,273,4/20/16 2:06,"b""RT @SuperRealNews: Oscar-winning actor George Kennedy, who won an Oscar for Best Actor for his roll in 'The Revenant' #Oscars https://t.co/\xe2\x80\xa6""",0,funny
274,274,274,4/20/16 2:04,b'RT @myciin: Every Single #Dress From The #Oscars #RedCarpet #LastNight. Read Full Story On #CIIN https://t.co/5xPRtiznBT https://t.co/dMSwG\xe2\x80\xa6',0,info
275,275,275,4/20/16 2:03,b'RT @myciin: The #FullList Of #Oscar Winners And Everything Else You Need To Know About The #Oscars https://t.co/hbD4oBe7lF https://t.co/BVj\xe2\x80\xa6',0,info
276,276,276,4/20/16 2:00,"b""Oscar-winning actor George Kennedy, who won an Oscar for Best Actor for his roll in 'The Revenant' #Oscars https://t.co/wC1HcLv6Fa""",0,funny
277,277,277,4/20/16 1:53,b'RT @ReelJayHay: At last..... #TheRevenant #movies #Leo #LeoIsKing #love #oscars #collection\xe2\x80\xa6 https://t.co/vxnUoM3NVv',0,pos
278,278,278,4/20/16 1:48,b'RT @alexandani: Love us some #R2D2 #C3PO and #BB8! @starwars #Oscars #StarWars',0,funny
279,279,279,4/20/16 1:32,"b'RT @WomensVoicesNow: #Naperville: THURS 4/21 @SkinLessProject presents @sharmeenochinoy, Dir. A Girl in the River #Oscars #VAW #Film https:\xe2\x80\xa6'",0,pos
280,280,280,4/20/16 1:30,"b'#Naperville: THURS 4/21 @SkinLessProject presents @sharmeenochinoy, Dir. A Girl in the River #Oscars #VAW #Film https://t.co/KIyLyA6PwX'",0,info
281,281,281,4/20/16 1:29,"b'RT @sevdemy: We all say #oscars so white, but will you support black cinema? \xf0\x9f\x91\x8a\xf0\x9f\x8f\xbe Do it!!  https://t.co/IuAZ361Loj'",0,neg
282,282,282,4/20/16 1:25,"b""RT @Oscars_Catering: Next Tuesday April 26 will be stuffed Shells Tuesday! They go fast don't drag your feet. #Oscars https://t.co/komq1fLa\xe2\x80\xa6""",0,funny
283,283,283,4/20/16 1:25,b'RT @Speedway: No need to wait up all night for this result... #Oscars https://t.co/WeJuAP5M4S',0,neg
284,284,284,4/20/16 0:32,b'RT @LucyJohnstone4: haha love this. If #OscarNominated #movies had honest posters https://t.co/NWUnH5tJ6I #Oscars #FilmPosters #Film',0,funny
285,285,285,4/19/16 23:51,"b""RT @jenniferleigho: The win is great, but it's a shame that it took the #Oscars to get mainstream America to recognize the need for a free\xe2\x80\xa6""",0,neg
286,286,286,4/17/16 15:36,"b""RT @IdiotDems: Hey Chris Rock --- don't blame America if the Idiot Leftists in Hollywood are racist. Hollywood has never represented Americ\xe2\x80\xa6""",0,neg
287,287,287,3/23/16 7:43,b'RT @TooRacist: White people sweating like a cat in a Chinese restaurant #Oscars',0,neg
288,288,288,3/23/16 7:43,"b""RT @TooRacist: White people are lucky that blacks people won't shoot up the #Oscars \xf0\x9f\x98\x82\xf0\x9f\x98\x82\xf0\x9f\x98\x82""",0,neg
289,289,289,3/20/16 22:54,b'RT @ywang2000: https://t.co/YLOARhvgPD\n\n#OscarsSoBlackWhite issued a kinda-sorta-apology for its #racistJoke \n\n#AcademyAward #Oscars \n\nvia \xe2\x80\xa6',0,neg
290,290,291,3/20/16 7:18,"b'RT @EW: Charlotte Rampling says call for #Oscars diversity is ""racist against whites"": https://t.co/zlVUFXv978 https://t.co/67wzhBX8Xr'",0,neg
291,291,292,3/19/16 17:46,b'https://t.co/YLOARhvgPD\n\n#OscarsSoBlackWhite issued a kinda-sorta-apology for its #racistJoke \n\n#AcademyAward #Oscars \n\nvia @mkang10',3,neg
292,292,293,3/19/16 1:01,b'RT @Vincent_usa22: petition for demanding #Oscars and @ChrisRock to apologize for racist joke. https://t.co/H1YAy288OE',0,neg
293,293,294,3/19/16 0:57,"b""RT @Vincent_usa22: @angryasianman @Y_R_We_Here it's a weak apology for a malicious and shameful racist joke. Asian Americans need a REAL ap\xe2\x80\xa6""",0,neg
294,294,295,3/18/16 15:45,"b'RT @aaldef: .@TheAcademy member Marcus Hu calls for #diversity throughout film industry after racist Asian jokes at #Oscars, https://t.co/f\xe2\x80\xa6'",0,neg
295,295,296,3/18/16 14:25,b'RT @Ellen14807978: #chris Rock is Distasteful! Double standard racist! Shame on #Oscars  https://t.co/isUXtZggug',0,neg
296,296,297,3/18/16 2:30,"b'RT @Ellen14807978: @ConstanceWu:To parade littlekidson stage w/no speaking linesbethebutt ofa racistjoke is reductive &amp;gross .""#Oscars  htt\xe2\x80\xa6'",0,neg
297,297,298,3/18/16 0:12,"b'RT @ComplexMag: George Takei, Ang Lee, Sandra Oh and more wrote an open letter to the Academy over racist #Oscars joke.  https://t.co/Y5ZqU\xe2\x80\xa6'",0,neg
298,298,299,4/21/16 19:24,"b""RT @yokalli: We need more white people nominated at the \nBET Awards\n\nY'all are as racist as the #oscars""",0,neg
